player,position,team,age,club,birth_year,games,games_starts,minutes,minutes_90s,goals,assists,goals_pens,pens_made,pens_att,cards_yellow,cards_red,goals_per90,assists_per90,goals_assists_per90,goals_pens_per90,goals_assists_pens_per90,xg,npxg,xg_assist,npxg_xg_assist,xg_per90,xg_assist_per90,xg_xg_assist_per90,npxg_per90,npxg_xg_assist_per90,general_position
Abderrazak Hamdallah,FW,Morocco,32-001,Al-Ittihad,1990,4,0,68,0.8,0,0,0,0,0,0,0,0,0,0,0,0,0.4,0.4,0,0.4,0.52,0,0.52,0.52,0.52,Forward
Abdessamad Ezzalzouli,FW,Morocco,21-001,Osasuna,2001,3,0,93,1,0,0,0,0,0,0,0,0,0,0,0,0,0.1,0.1,0.3,0.3,0.09,0.39,0.49,0.09,0.49,Forward
Abdul Fatawu Issahaku,FW,Ghana,18-285,Sporting CP,2004,1,0,1,0,0,0,0,0,0,0,0,0,0,0,0,0,0,0,0,0,0,0,0,0,0,Forward
Ahmed Alaaeldin,FW,Qatar,29-321,Al-Gharafa Sports Club,1993,1,0,6,0.1,0,0,0,0,0,0,0,0,0,0,0,0,0,0,0,0,0,0,0,0,0,Forward
Akram Afif,FW,Qatar,26-030,Al Sadd SC,1996,3,3,270,3,0,0,0,0,0,1,0,0,0,0,0,0,0,0,0.3,0.3,0.02,0.1,0.12,0.02,0.12,Forward
Aleksandar Mitrovic,FW,Serbia,28-093,Fulham,1994,3,3,262,2.9,2,0,2,0,0,1,0,0.69,0,0.69,0.69,0.69,1.6,1.6,0.7,2.4,0.57,0.24,0.81,0.57,0.81,Forward
Alexis Vega,FW,Mexico,25-023,Guadalajara,1997,3,3,193,2.1,0,0,0,0,0,0,0,0,0,0,0,0,0.8,0.8,0.1,0.9,0.39,0.06,0.44,0.39,0.44,Forward
Almoez Ali,FW,Qatar,26-121,Al Duhail SC,1996,3,3,224,2.5,0,0,0,0,0,1,0,0,0,0,0,0,0.4,0.4,0,0.4,0.15,0,0.15,0.15,0.15,Forward
Anass Zaroury,FW,Morocco,22-041,Burnley,2000,1,0,27,0.3,0,0,0,0,0,0,0,0,0,0,0,0,0,0,0,0,0,0,0,0,0,Forward
Andreas Cornelius,FW,Denmark,29-277,FC Copenhagen,1993,3,1,92,1,0,0,0,0,0,1,0,0,0,0,0,0,1,1,0.1,1.1,1,0.09,1.09,1,1.09,Forward
Andreas Skov Olsen,FW,Denmark,22-354,Club Brugge,1999,2,2,132,1.5,0,0,0,0,0,0,0,0,0,0,0,0,0.2,0.2,0,0.2,0.16,0,0.16,0.16,0.16,Forward
Andrej Kramaric,FW,Croatia,31-182,Hoffenheim,1991,7,7,474,5.3,2,0,2,0,0,0,0,0.38,0,0.38,0.38,0.38,1.6,1.6,0.2,1.9,0.31,0.04,0.36,0.31,0.36,Forward
Andre Silva,FW,Portugal,27-042,RB Leipzig,1995,1,0,26,0.3,0,0,0,0,0,0,0,0,0,0,0,0,0,0,0.1,0.1,0,0.21,0.21,0,0.21,Forward
Ansu Fati,FW,Spain,20-048,Barcelona,2002,2,0,46,0.5,0,0,0,0,0,0,0,0,0,0,0,0,0,0,0,0,0,0,0,0,0,Forward
Ante Budimir,FW,Croatia,31-149,Osasuna,1991,2,0,55,0.6,0,0,0,0,0,0,0,0,0,0,0,0,0.2,0.2,0,0.2,0.37,0.07,0.44,0.37,0.44,Forward
Anthony Contreras,FW,Costa Rica,22-323,Club Sport Herediano,2000,3,2,125,1.4,0,0,0,0,0,1,0,0,0,0,0,0,0,0,0,0,0,0.01,0.01,0,0.01,Forward
Antoine Semenyo,FW,Ghana,22-345,Bristol City,2000,2,0,20,0.2,0,0,0,0,0,0,0,0,0,0,0,0,0,0,0,0,0.22,0,0.22,0.22,0.22,Forward
Antony,FW,Brazil,22-297,Manchester Utd,2000,4,1,172,1.9,0,0,0,0,0,0,0,0,0,0,0,0,0.2,0.2,0.1,0.4,0.15,0.08,0.22,0.15,0.22,Forward
Ardon Jasari,FW,Switzerland,20-141,Luzern,2002,1,0,2,0,0,0,0,0,0,0,0,0,0,0,0,0,0,0,0,0,0,0,0,0,0,Forward
Arkadiusz Milik,FW,Poland,28-293,Juventus,1994,3,1,101,1.1,0,0,0,0,0,1,0,0,0,0,0,0,0.2,0.2,0.1,0.3,0.22,0.09,0.31,0.22,0.31,Forward
Asiri Haitham,FW,Saudi Arabia,21-268,Al-Ahli,2001,1,0,2,0,0,0,0,0,0,0,0,0,0,0,0,0,0,0,0,0,0,0,0,0,0,Forward
Ayase Ueda,FW,Japan,24-099,Cercle Brugge,1998,1,1,45,0.5,0,0,0,0,0,0,0,0,0,0,0,0,0,0,0,0,0,0.02,0.02,0,0.02,Forward
Bamba Dieng,FW,Senegal,22-270,Marseille,2000,4,0,100,1.1,1,0,1,0,0,0,0,0.9,0,0.9,0.9,0.9,0.5,0.5,0.1,0.6,0.45,0.05,0.5,0.45,0.5,Forward
Boulaye Dia,FW,Senegal,26-032,Salernitana,1996,4,4,318,3.5,1,0,1,0,0,1,0,0.28,0,0.28,0.28,0.28,0.7,0.7,0,0.8,0.21,0.01,0.22,0.21,0.22,Forward
Breel Embolo,FW,Switzerland,25-307,Monaco,1997,4,4,323,3.6,2,0,2,0,0,0,0,0.56,0,0.56,0.56,0.56,2.3,2.3,0.1,2.4,0.64,0.03,0.66,0.64,0.66,Forward
Brennan Johnson,FW,Wales,21-209,Nott'ham Forest,2001,3,0,91,1,0,0,0,0,0,0,0,0,0,0,0,0,0.2,0.2,0,0.2,0.21,0,0.21,0.21,0.21,Forward
Bruno Petkovic,FW,Croatia,28-093,Dinamo Zagreb,1994,6,1,234,2.6,1,0,1,0,0,1,0,0.38,0,0.38,0.38,0.38,0.1,0.1,0.3,0.5,0.05,0.15,0.2,0.05,0.2,Forward
Bryan Mbeumo,FW,Cameroon,23-133,Brentford,1999,3,3,233,2.6,0,0,0,0,0,0,0,0,0,0,0,0,0.2,0.2,0.3,0.5,0.08,0.11,0.19,0.08,0.19,Forward
Bukayo Saka,FW,England,21-104,Arsenal,2001,4,4,288,3.2,3,0,3,0,0,0,0,0.94,0,0.94,0.94,0.94,0.6,0.6,0.7,1.3,0.2,0.2,0.4,0.2,0.4,Forward
Callum Wilson,FW,England,30-294,Newcastle Utd,1992,2,0,48,0.5,0,1,0,0,0,0,0,0,1.87,1.87,0,1.87,0,0,0.9,0.9,0,1.7,1.7,0,1.7,Forward
Charles De Ketelaere,FW,Belgium,21-283,Milan,2001,1,0,16,0.2,0,0,0,0,0,0,0,0,0,0,0,0,0,0,0,0,0,0,0,0,0,Forward
Cho Guesung,FW,Korea Republic,24-327,Jeonbuk,1998,4,3,275,3.1,2,0,2,0,0,1,0,0.65,0,0.65,0.65,0.65,1.1,1.1,0,1.1,0.35,0.01,0.36,0.35,0.36,Forward
Cho Yumin,FW,Korea Republic,26-031,Daejeon Citizen FC,1996,1,0,1,0,0,0,0,0,0,0,0,0,0,0,0,0,0,0,0,0,0,0,0,0,0,Forward
Christian Fassnacht,FW,Switzerland,29-037,Young Boys,1993,1,0,8,0.1,0,0,0,0,0,0,0,0,0,0,0,0,0.2,0.2,0,0.2,2.58,0,2.58,2.58,2.58,Forward
Christian Pulisic,FW,United States,24-091,Chelsea,1998,4,4,315,3.5,1,2,1,0,0,0,0,0.29,0.57,0.86,0.29,0.86,1.1,1.1,0.9,2,0.3,0.26,0.56,0.3,0.56,Forward
Cody Gakpo,FW,Netherlands,23-225,PSV Eindhoven,1999,5,5,450,5,3,0,3,0,0,0,0,0.6,0,0.6,0.6,0.6,0.3,0.3,0.6,0.9,0.06,0.12,0.18,0.06,0.18,Forward
Cristiano Ronaldo,FW,Portugal,37-316,Manchester Utd,1985,5,3,290,3.2,1,0,0,1,1,0,0,0.31,0,0.31,0,0,1.6,0.8,0.1,1,0.51,0.04,0.55,0.26,0.3,Forward
Cyle Larin,FW,Canada,27-245,Club Brugge,1995,3,2,137,1.5,0,0,0,0,0,0,0,0,0,0,0,0,0.2,0.2,0.5,0.7,0.16,0.34,0.49,0.16,0.49,Forward
Daichi Kamada,FW,Japan,26-135,Eint Frankfurt,1996,4,4,322,3.6,0,0,0,0,0,0,0,0,0,0,0,0,0.6,0.6,0,0.7,0.18,0.01,0.19,0.18,0.19,Forward
Daizen Maeda,FW,Japan,25-059,Celtic,1997,3,3,180,2,1,0,1,0,0,0,0,0.5,0,0.5,0.5,0.5,0.5,0.5,0,0.5,0.24,0,0.24,0.24,0.24,Forward
Dani Olmo,FW,Spain,24-225,RB Leipzig,1998,4,4,367,4.1,1,1,1,0,0,0,0,0.25,0.25,0.49,0.25,0.49,1.4,1.4,0.5,1.9,0.34,0.11,0.46,0.34,0.46,Forward
Daniel James,FW,Wales,25-038,Fulham,1997,3,2,154,1.7,0,0,0,0,0,1,0,0,0,0,0,0,0,0,0,0,0,0.02,0.02,0,0.02,Forward
Darwin Nunez,FW,Uruguay,23-177,Liverpool,1999,3,3,240,2.7,0,0,0,0,0,1,0,0,0,0,0,0,0.4,0.4,0.2,0.6,0.14,0.09,0.23,0.14,0.23,Forward
Djorkaeff Reasco,FW,Ecuador,23-334,Newell's OB,1999,1,0,27,0.3,0,0,0,0,0,0,0,0,0,0,0,0,0,0,0,0,0,0,0,0,0,Forward
Dusan Vlahovic,FW,Serbia,22-324,Juventus,2000,2,1,79,0.9,1,0,1,0,0,0,0,1.14,0,1.14,1.14,1.14,0.8,0.8,0,0.8,0.92,0,0.92,0.92,0.92,Forward
Edimilson Fernandes,FW,Switzerland,26-247,Mainz 05,1996,3,1,145,1.6,0,0,0,0,0,0,0,0,0,0,0,0,0,0,0.3,0.4,0.02,0.21,0.23,0.02,0.23,Forward
Edinson Cavani,FW,Uruguay,35-307,Valencia,1987,3,1,124,1.4,0,0,0,0,0,1,0,0,0,0,0,0,0.3,0.3,0.7,1,0.21,0.5,0.71,0.21,0.71,Forward
Enner Valencia,FW,Ecuador,33-044,FenerbahÃƒÂ§e,1989,3,3,255,2.8,3,0,2,1,1,0,0,1.06,0,1.06,0.71,0.71,2.3,1.5,0.3,1.8,0.8,0.1,0.9,0.52,0.62,Forward
Eric Maxim Choupo-Moting,FW,Cameroon,33-270,Bayern Munich,1989,3,3,253,2.8,1,0,1,0,0,0,0,0.36,0,0.36,0.36,0.36,0.8,0.8,0,0.9,0.29,0.02,0.31,0.29,0.31,Forward
Fabian Rieder,FW,Switzerland,20-305,Young Boys,2002,2,1,68,0.8,0,0,0,0,0,1,0,0,0,0,0,0,0,0,0.2,0.2,0,0.25,0.25,0,0.25,Forward
Famara Diedhiou,FW,Senegal,30-003,Alanyaspor,1992,2,1,92,1,1,0,1,0,0,0,0,0.98,0,0.98,0.98,0.98,0.2,0.2,0,0.2,0.19,0.03,0.22,0.19,0.22,Forward
Ferran Torres,FW,Spain,22-292,Barcelona,2000,4,3,217,2.4,2,0,1,1,1,0,0,0.83,0,0.83,0.41,0.41,1,0.2,0.2,0.4,0.42,0.07,0.5,0.1,0.17,Forward
Gabriel Jesus,FW,Brazil,25-259,Arsenal,1997,3,1,93,1,0,0,0,0,0,0,0,0,0,0,0,0,0.4,0.4,0.2,0.6,0.35,0.23,0.58,0.35,0.58,Forward
Garang Kuol,FW,Australia,18-094,Central Coast,2004,2,0,37,0.4,0,0,0,0,0,0,0,0,0,0,0,0,0.4,0.4,0,0.4,0.92,0,0.92,0.92,0.92,Forward
Gareth Bale,FW,Wales,33-155,Los Angeles FC,1989,3,3,225,2.5,1,0,0,1,1,1,0,0.4,0,0.4,0,0,0.8,0,0.2,0.2,0.32,0.08,0.41,0.01,0.09,Forward
Georges-KÃƒÂ©vin N'Koudou,FW,Cameroon,27-308,BeÃ…ÂŸiktaÃ…ÂŸ,1995,2,0,27,0.3,0,0,0,0,0,0,0,0,0,0,0,0,0,0,0,0,0.13,0,0.13,0.13,0.13,Forward
Gio Reyna,FW,United States,20-035,Dortmund,2002,2,0,53,0.6,0,0,0,0,0,0,0,0,0,0,0,0,0.1,0.1,0.2,0.2,0.1,0.28,0.38,0.1,0.38,Forward
Goncalo Ramos,FW,Portugal,21-181,Benfica,2001,4,2,152,1.7,3,1,3,0,0,0,0,1.78,0.59,2.37,1.78,2.37,1.6,1.6,0.4,1.9,0.93,0.21,1.13,0.93,1.13,Forward
Haji Wright,FW,United States,24-266,Antalyaspor,1998,4,1,137,1.5,1,0,1,0,0,0,0,0.66,0,0.66,0.66,0.66,0.5,0.5,0,0.6,0.35,0.02,0.37,0.35,0.37,Forward
Hakim Ziyech,FW,Morocco,29-274,Chelsea,1993,7,7,635,7.1,1,1,1,0,0,0,0,0.14,0.14,0.28,0.14,0.28,0.4,0.4,0.7,1.1,0.06,0.1,0.16,0.06,0.16,Forward
Haris SeferoviÃ„Â‡,FW,Switzerland,30-299,Galatasaray,1992,3,0,71,0.8,0,0,0,0,0,0,0,0,0,0,0,0,0.2,0.2,0,0.2,0.24,0.03,0.27,0.24,0.27,Forward
Harry Kane,FW,England,29-143,Tottenham,1993,5,5,402,4.5,2,3,1,1,2,0,0,0.45,0.67,1.12,0.22,0.9,2.7,1.1,1.5,2.6,0.6,0.34,0.94,0.25,0.59,Forward
Henry MartÃƒÂ­n,FW,Mexico,30-030,AmÃƒÂ©rica,1992,2,2,146,1.6,1,0,1,0,0,0,0,0.62,0,0.62,0.62,0.62,0.9,0.9,0.2,1.1,0.57,0.13,0.7,0.57,0.7,Forward
Hirving Lozano,FW,Mexico,27-141,Napoli,1995,3,3,252,2.8,0,0,0,0,0,0,0,0,0,0,0,0,0.2,0.2,1,1.2,0.07,0.36,0.42,0.07,0.42,Forward
Hwang Ui-jo,FW,Korea Republic,30-112,Olympiacos,1992,4,1,106,1.2,0,0,0,0,0,0,0,0,0,0,0,0,0.5,0.5,0,0.5,0.4,0,0.4,0.4,0.4,Forward
Iliman Ndiaye,FW,Senegal,22-287,Sheffield Utd,2000,3,2,135,1.5,0,1,0,0,0,0,0,0,0.67,0.67,0,0.67,0.1,0.1,0.2,0.3,0.09,0.14,0.22,0.09,0.22,Forward
Ismail Mohamad,FW,Qatar,32-257,Al Duhail SC,1990,2,2,174,1.9,0,1,0,0,0,1,0,0,0.52,0.52,0,0.52,,,,,,,,,,Forward
Ismaila Sarr,FW,Senegal,24-296,Watford,1998,4,4,344,3.8,1,0,0,1,1,0,0,0.26,0,0.26,0,0,1.7,0.9,0.4,1.3,0.43,0.11,0.55,0.23,0.34,Forward
Issam Jebali,FW,Tunisia,30-358,Odense,1991,3,2,182,2,0,0,0,0,0,0,0,0,0,0,0,0,0.5,0.5,0.2,0.7,0.26,0.08,0.34,0.26,0.34,Forward
Ivan Perisic,FW,Croatia,33-319,Tottenham,1989,7,7,669,7.4,1,3,1,0,0,0,0,0.13,0.4,0.54,0.13,0.54,0.9,0.9,0.9,1.8,0.13,0.12,0.25,0.13,0.25,Forward
Inaki Williams,FW,Ghana,28-186,Athletic Club,1994,3,3,270,3,0,0,0,0,0,0,0,0,0,0,0,0,0.3,0.3,0.2,0.5,0.1,0.07,0.17,0.1,0.17,Forward
Jack Grealish,FW,England,27-099,Manchester City,1995,5,0,86,1,1,0,1,0,0,0,0,1.05,0,1.05,1.05,1.05,0.6,0.6,0.1,0.8,0.69,0.12,0.81,0.69,0.81,Forward
Jamie Maclaren,FW,Australia,29-142,Melb City,1993,3,0,55,0.6,0,0,0,0,0,0,0,0,0,0,0,0,0,0,0,0,0,0.08,0.08,0,0.08,Forward
Jason Cummings,FW,Australia,27-139,Central Coast,1995,1,0,35,0.4,0,0,0,0,0,0,0,0,0,0,0,0,0,0,0,0,0,0,0,0,0,Forward
JesÃƒÂºs Ferreira,FW,United States,21-359,FC Dallas,2000,1,1,45,0.5,0,0,0,0,0,0,0,0,0,0,0,0,0,0,0,0,0,0,0,0,0,Forward
Joel Campbell,FW,Costa Rica,30-175,LeÃƒÂ³n,1992,3,3,269,3,0,0,0,0,0,1,0,0,0,0,0,0,0,0,0.1,0.1,0,0.02,0.02,0,0.02,Forward
Johan Venegas,FW,Costa Rica,34-021,Liga Deportiva Alajuelense,1988,1,1,73,0.8,0,0,0,0,0,0,0,0,0,0,0,0,0,0,0,0,0,0,0,0,0,Forward
Jonas Hofmann,FW,Germany,30-157,M'Gladbach,1992,2,0,30,0.3,0,0,0,0,0,0,0,0,0,0,0,0,0.3,0.3,0.1,0.3,0.82,0.16,0.98,0.82,0.98,Forward
Jonathan David,FW,Canada,22-338,Lille,2000,3,2,192,2.1,0,0,0,0,0,0,0,0,0,0,0,0,1,0.7,0,0.7,0.49,0,0.49,0.35,0.35,Forward
Jordan Ayew,FW,Ghana,31-098,Crystal Palace,1991,3,2,136,1.5,0,1,0,0,0,0,0,0,0.66,0.66,0,0.66,0.1,0.1,0.5,0.5,0.03,0.32,0.36,0.03,0.36,Forward
Jordan Morris,FW,United States,28-053,Seattle,1994,2,0,4,0,0,0,0,0,0,0,0,0,0,0,0,0,0,0,0,0,0,0,0,0,0,Forward
Josh Sargent,FW,United States,22-301,Norwich City,2000,3,2,157,1.7,0,0,0,0,0,0,0,0,0,0,0,0,0.4,0.4,0.1,0.4,0.21,0.04,0.25,0.21,0.25,Forward
Joao Felix,FW,Portugal,23-038,AtlÃƒÂ©tico Madrid,1999,4,4,331,3.7,1,2,1,0,0,1,0,0.27,0.54,0.82,0.27,0.82,0.9,0.9,0.4,1.2,0.24,0.1,0.34,0.24,0.34,Forward
Joao Mario,FW,Portugal,29-333,Benfica,1993,2,1,84,0.9,0,0,0,0,0,0,0,0,0,0,0,0,0,0,0,0,0,0,0,0,0,Forward
Julian Ãlvarez,FW,Argentina,22-321,Manchester City,2000,7,5,464,5.2,4,0,4,0,0,0,0,0.78,0,0.78,0.78,0.78,2.6,2.6,0.1,2.7,0.51,0.02,0.53,0.51,0.53,Forward
Junior Hoilett,FW,Canada,32-196,Reading,1990,3,2,161,1.8,0,0,0,0,0,1,0,0,0,0,0,0,0.1,0.1,0.4,0.5,0.08,0.21,0.28,0.08,0.28,Forward
Kai Havertz,FW,Germany,23-190,Chelsea,1999,2,1,102,1.1,2,0,2,0,0,0,0,1.76,0,1.76,1.76,1.76,1.4,1.4,0.2,1.6,1.19,0.17,1.36,1.19,1.36,Forward
Kamaldeen Sulemana,FW,Ghana,20-306,Rennes,2002,2,0,58,0.6,0,0,0,0,0,1,0,0,0,0,0,0,0.1,0.1,0,0.1,0.09,0,0.09,0.09,0.09,Forward
Karim Ansarifard,FW,IR Iran,32-259,AC Omonia,1990,2,0,35,0.4,0,0,0,0,0,0,0,0,0,0,0,0,0.1,0.1,0.1,0.1,0.17,0.2,0.36,0.17,0.36,Forward
Karl Toko Ekambi,FW,Cameroon,30-095,Lyon,1992,3,2,166,1.8,0,0,0,0,0,0,0,0,0,0,0,0,0.2,0.2,0.3,0.4,0.1,0.14,0.24,0.1,0.24,Forward
Karol Ã…Âšwiderski,FW,Poland,25-329,Charlotte,1997,1,1,45,0.5,0,0,0,0,0,0,0,0,0,0,0,0,0,0,0,0,0,0,0,0,0,Forward
Kasper Dolberg,FW,Denmark,25-073,Sevilla,1997,3,1,114,1.3,0,0,0,0,0,0,0,0,0,0,0,0,0.4,0.4,0.1,0.5,0.31,0.05,0.37,0.31,0.37,Forward
Kevin De Bruyne,FW,Belgium,31-173,Manchester City,1991,3,3,270,3,0,0,0,0,0,0,0,0,0,0,0,0,0.2,0.2,0.9,1.1,0.08,0.3,0.38,0.08,0.38,Forward
Kevin Rodrig­uez,FW,Ecuador,22-289,,2000,2,0,2,0,0,0,0,0,0,0,0,0,0,0,0,0,0,0,0,0,0,0,0,0,0,Forward
Kieffer Moore,FW,Wales,30-132,Bournemouth,1992,3,2,225,2.5,0,0,0,0,0,0,0,0,0,0,0,0,1,1,0.2,1.3,0.41,0.1,0.51,0.41,0.51,Forward
Kingsley Coman,FW,France,26-188,Bayern Munich,1996,6,1,169,1.9,0,0,0,0,0,0,0,0,0,0,0,0,0.2,0.2,0.1,0.2,0.1,0.05,0.15,0.1,0.15,Forward
Kristijan JakiÃ„Â‡,FW,Croatia,25-218,Eint Frankfurt,1997,1,0,1,0,0,0,0,0,0,0,0,0,0,0,0,0,0,0,0,0,0,0,0,0,0,Forward
Krzysztof PiÃ„Â…tek,FW,Poland,27-170,Salernitana,1995,2,0,28,0.3,0,0,0,0,0,0,0,0,0,0,0,0,0,0,0,0,0.09,0,0.09,0.09,0.09,Forward
KrÃƒÂ©pin Diatta,FW,Senegal,23-296,Monaco,1999,3,3,181,2,0,0,0,0,0,0,0,0,0,0,0,0,0.1,0.1,0.2,0.3,0.06,0.09,0.16,0.06,0.16,Forward
Kudus Mohammed,FW,Ghana,22-138,Ajax,2000,3,3,247,2.7,2,0,2,0,0,1,0,0.73,0,0.73,0.73,0.73,0.8,0.8,0,0.8,0.3,0,0.3,0.3,0.3,Forward
Kwon Chang-hoon,FW,Korea Republic,28-171,Sangju Sangmu,1994,1,1,56,0.6,0,0,0,0,0,0,0,0,0,0,0,0,0,0,0.2,0.2,0,0.29,0.29,0,0.29,Forward
Kylian Mbappe,FW,France,23-363,Paris S-G,1998,7,6,598,6.6,8,2,6,2,2,0,0,1.2,0.3,1.51,0.9,1.2,5.2,3.6,1.3,5,0.82,0.21,1.03,0.57,0.79,Forward
Lautaro Marti­nez,FW,Argentina,25-118,Inter,1997,6,2,241,2.7,0,0,0,0,0,0,0,0,0,0,0,0,1.8,1.8,0,1.9,0.86,0.02,0.87,0.86,0.87,Forward
Leandro Trossard,FW,Belgium,28-014,Brighton,1994,3,1,103,1.1,0,0,0,0,0,0,0,0,0,0,0,0,0,0,0.1,0.1,0,0.08,0.08,0,0.08,Forward
Leroy Sanw,FW,Germany,26-341,Bayern Munich,1996,2,1,111,1.2,0,1,0,0,0,0,0,0,0.81,0.81,0,0.81,0.1,0.1,1.8,1.9,0.09,1.44,1.54,0.09,1.54,Forward
Lionel Messi,FW,Argentina,35-177,Paris S-G,1987,7,7,690,7.7,7,3,3,4,5,1,0,0.91,0.39,1.3,0.39,0.78,6.6,2.6,2.5,5.1,0.94,0.36,1.3,0.38,0.74,Forward
LoÃƒÂ¯s Openda,FW,Belgium,22-305,Lens,2000,1,0,13,0.1,0,0,0,0,0,0,0,0,0,0,0,0,0,0,0,0,0,0,0,0,0,Forward
Lucas Cavallini,FW,Canada,29-355,Vancouver,1992,1,0,19,0.2,0,0,0,0,0,0,0,0,0,0,0,0,0,0,0,0,0,0,0,0,0,Forward
Luis Suarez,FW,Uruguay,35-328,Nacional,1987,3,2,146,1.6,0,1,0,0,0,1,0,0,0.62,0.62,0,0.62,0.4,0.4,0.1,0.5,0.26,0.04,0.29,0.26,0.29,Forward
Luka Jovic,FW,Serbia,24-360,Fiorentina,1997,1,0,36,0.4,0,0,0,0,0,1,0,0,0,0,0,0,0.1,0.1,0.2,0.2,0.13,0.4,0.53,0.13,0.53,Forward
Luuk de Jong,FW,Netherlands,32-113,PSV Eindhoven,1990,1,0,57,0.6,0,0,0,0,0,0,0,0,0,0,0,0,0.1,0.1,0,0.1,0.25,0,0.25,0.25,0.25,Forward
Marco Asensio,FW,Spain,26-331,Real Madrid,1996,4,3,229,2.5,1,0,1,0,0,0,0,0.39,0,0.39,0.39,0.39,1.2,1.2,0.1,1.3,0.48,0.02,0.5,0.48,0.5,Forward
Marcus Rashford,FW,England,25-048,Manchester Utd,1997,5,1,140,1.6,3,0,3,0,0,0,0,1.93,0,1.93,1.93,1.93,1.6,1.6,0,1.6,1.03,0,1.03,1.03,1.03,Forward
Marcus Thuram,FW,France,25-134,M'Gladbach,1997,5,0,151,1.7,0,2,0,0,0,1,0,0,1.19,1.19,0,1.19,0.2,0.2,0.2,0.4,0.16,0.16,0.32,0.16,0.32,Forward
Mario Pallasic,FW,Croatia,27-312,Atalanta,1995,7,2,271,3,0,0,0,0,0,0,0,0,0,0,0,0,0.3,0.3,0.2,0.5,0.1,0.07,0.17,0.1,0.17,Forward
Marko Livaja,FW,Croatia,29-114,Hajduk Split,1993,6,3,241,2.7,1,1,1,0,0,0,0,0.37,0.37,0.75,0.37,0.75,0.8,0.8,0.1,0.9,0.31,0.03,0.34,0.31,0.34,Forward
Martin Braithwaite,FW,Denmark,31-196,Espanyol,1991,2,1,103,1.1,0,0,0,0,0,0,0,0,0,0,0,0,0.1,0.1,0.1,0.2,0.06,0.12,0.18,0.06,0.18,Forward
Martinelli,FW,Brazil,21-183,Arsenal,2001,3,1,113,1.3,0,0,0,0,0,0,0,0,0,0,0,0,0.5,0.5,0.2,0.7,0.42,0.14,0.56,0.42,0.56,Forward
Matteo Guendouzi,FW,France,23-248,Marseille,1999,1,1,78,0.9,0,0,0,0,0,0,0,0,0,0,0,0,0,0,0,0,0,0,0,0,0,Forward
Maxi Gomez,FW,Uruguay,26-126,Trabzonspor,1996,2,0,30,0.3,0,0,0,0,0,0,0,0,0,0,0,0,0.1,0.1,0,0.1,0.26,0,0.26,0.26,0.26,Forward
Mehdi Taremi,FW,IR Iran,30-153,Porto,1992,3,3,270,3,2,1,1,1,1,0,0,0.67,0.33,1,0.33,0.67,1.3,0.6,0.7,1.2,0.45,0.22,0.67,0.18,0.4,Forward
Memphis,FW,Netherlands,28-308,Barcelona,1994,5,3,297,3.3,1,0,1,0,0,1,0,0.3,0,0.3,0.3,0.3,1.5,1.5,0.5,2,0.44,0.16,0.61,0.44,0.61,Forward
Michael Estrada,FW,Ecuador,26-255,Cruz Azul,1996,3,3,225,2.5,0,0,0,0,0,0,0,0,0,0,0,0,0.3,0.3,0,0.3,0.13,0.01,0.13,0.13,0.13,Forward
Michy Batshuayi,FW,Belgium,29-077,FenerbahÃƒÂ§e,1993,2,2,151,1.7,1,0,1,0,0,0,0,0.6,0,0.6,0.6,0.6,0.8,0.8,0.1,0.8,0.45,0.03,0.48,0.45,0.48,Forward
Mislav OrÃ…Â¡iÃ„Â‡,FW,Croatia,29-354,Dinamo Zagreb,1992,6,1,162,1.8,1,2,1,0,0,0,0,0.56,1.11,1.67,0.56,1.67,0.4,0.4,1.1,1.4,0.23,0.68,0.9,0.23,0.9,Forward
Mitchell Duke,FW,Australia,31-334,Fagi Okayama,1991,4,4,270,3,1,0,1,0,0,1,0,0.33,0,0.33,0.33,0.33,0.4,0.4,0,0.4,0.12,0.01,0.13,0.12,0.13,Forward
Mohammed Muntari,FW,Qatar,28-363,Al Duhail SC,1993,3,0,63,0.7,1,0,1,0,0,0,0,1.43,0,1.43,1.43,1.43,0.2,0.2,0,0.2,0.3,0.03,0.33,0.3,0.33,Forward
Moumi Ngamaleu,FW,Cameroon,28-162,Dynamo Mosc,1994,2,1,95,1.1,0,0,0,0,0,0,0,0,0,0,0,0,0,0,0.2,0.2,0,0.15,0.15,0,0.15,Forward
Na Sang-ho,FW,Korea Republic,26-128,FC Seoul,1996,2,1,119,1.3,0,0,0,0,0,0,0,0,0,0,0,0,0,0,0.1,0.2,0.03,0.09,0.12,0.03,0.12,Forward
Nasser Al-Dawsari,FW,Saudi Arabia,23-364,Al-Hilal,1998,1,0,5,0.1,0,0,0,0,0,0,0,0,0,0,0,0,0,0,0.1,0.1,0,1.27,1.27,0,1.27,Forward
Niclas Fullkrug,FW,Germany,29-312,Werder Bremen,1993,3,0,69,0.8,2,1,2,0,0,0,0,2.61,1.3,3.91,2.61,3.91,2.2,2.2,0.6,2.8,2.86,0.76,3.62,2.86,3.62,Forward
Nico Williams,FW,Spain,20-159,Athletic Club,2002,4,1,146,1.6,0,0,0,0,0,0,0,0,0,0,0,0,0.1,0.1,0,0.1,0.07,0,0.07,0.07,0.07,Forward
Nicolas Jackson,FW,Senegal,21-181,Villarreal,2001,1,0,17,0.2,0,0,0,0,0,0,0,0,0,0,0,0,0,0,0,0,0,0,0,0,0,Forward
Nikola VlaÃ…Â¡iÃ„Â‡,FW,Croatia,25-075,Torino,1997,6,1,209,2.3,0,0,0,0,0,0,0,0,0,0,0,0,0.4,0.4,0,0.4,0.25,0,0.25,0.25,0.25,Forward
Noah Okafor,FW,Switzerland,22-208,RB Salzburg,2000,3,0,45,0.5,0,0,0,0,0,0,0,0,0,0,0,0,0,0,0,0.1,0.05,0.09,0.14,0.05,0.14,Forward
Olivier Giroud,FW,France,36-079,Milan,1986,6,6,419,4.7,4,0,4,0,0,1,0,0.86,0,0.86,0.86,0.86,3.4,3.4,0.1,3.5,0.72,0.03,0.76,0.72,0.76,Forward
Ousmane Dembele,FW,France,25-217,Barcelona,1997,7,6,433,4.8,0,2,0,0,0,1,0,0,0.42,0.42,0,0.42,0.5,0.5,1.6,2.1,0.1,0.34,0.44,0.1,0.44,Forward
Pablo Sarabia,FW,Spain,30-221,Paris S-G,1992,1,0,3,0,0,0,0,0,0,0,0,0,0,0,0,0,0.1,0.1,0.2,0.3,,,,,,Forward
Paulo Dybala,FW,Argentina,29-033,Roma,1993,2,0,18,0.2,0,0,0,0,0,0,0,0,0,0,0,0,0,0,0.2,0.2,0,1.03,1.03,0,1.03,Forward
Pedro,FW,Brazil,25-181,Flamengo,1997,2,0,64,0.7,0,0,0,0,0,0,0,0,0,0,0,0,0.5,0.5,0,0.5,1.39,0,1.39,1.39,1.39,Forward
Phil Foden,FW,England,22-204,Manchester City,2000,4,3,258,2.9,1,2,1,0,0,0,0,0.35,0.7,1.05,0.35,1.05,1.1,1.1,0.6,1.6,0.38,0.2,0.57,0.38,0.57,Forward
Rafael Leao,FW,Portugal,23-191,Milan,1999,5,0,88,1,2,0,2,0,0,0,0,2.05,0,2.05,2.05,2.05,0.4,0.4,0.2,0.6,0.42,0.16,0.57,0.42,0.57,Forward
Raheem Sterling,FW,England,28-010,Chelsea,1994,3,2,149,1.7,1,1,1,0,0,0,0,0.6,0.6,1.21,0.6,1.21,0.4,0.4,0.1,0.5,0.22,0.09,0.31,0.22,0.31,Forward
Randal Kolo Muani,FW,France,24-013,Eint Frankfurt,1998,3,1,182,2,1,0,1,0,0,0,0,0.49,0,0.49,0.49,0.49,1.1,1.1,0,1.1,0.65,0,0.65,0.65,0.65,Forward
Raphinha,FW,Brazil,26-004,Barcelona,1996,5,4,315,3.5,0,1,0,0,0,0,0,0,0.29,0.29,0,0.29,1.2,1.2,1.3,2.5,0.35,0.38,0.72,0.35,0.72,Forward
Rafael Jiminez,FW,Mexico,31-227,Wolves,1991,3,0,59,0.7,0,0,0,0,0,0,0,0,0,0,0,0,0,0,0,0,0,0,0,0,0,Forward
Renato Steffen,FW,Switzerland,31-045,Lugano,1991,1,0,32,0.4,0,0,0,0,0,0,0,0,0,0,0,0,0,0,0,0,0,0,0,0,0,Forward
Ricardo Horta,FW,Portugal,28-094,Braga,1994,3,1,119,1.3,1,0,1,0,0,0,0,0.76,0,0.76,0.76,0.76,0.8,0.8,0.1,0.8,0.58,0.05,0.63,0.58,0.63,Forward
Richarlison,FW,Brazil,25-222,Tottenham,1997,4,4,323,3.6,3,0,3,0,0,0,0,0.84,0,0.84,0.84,0.84,2.1,2.1,1,3.1,0.59,0.27,0.86,0.59,0.86,Forward
Riley McGree,FW,Australia,24-046,Middlesbrough,1998,4,4,265,2.9,0,1,0,0,0,0,0,0,0.34,0.34,0,0.34,0.1,0.1,0.6,0.8,0.05,0.22,0.27,0.05,0.27,Forward
Ritsu Doan,FW,Japan,24-185,Freiburg,1998,4,2,217,2.4,2,0,2,0,0,0,0,0.83,0,0.83,0.83,0.83,0.5,0.5,0.2,0.7,0.21,0.07,0.28,0.21,0.28,Forward
Robert Lewandowski,FW,Poland,34-119,Barcelona,1988,4,4,360,4,2,1,1,1,2,0,0,0.5,0.25,0.75,0.25,0.5,2.9,1.4,0.4,1.8,0.73,0.1,0.83,0.34,0.44,Forward
Roberto Alvarado,FW,Mexico,24-102,Guadalajara,1998,1,0,18,0.2,0,0,0,0,0,1,0,0,0,0,0,0,0,0,0,0,0,0,0,0,0,Forward
Rogelio Funes Mori,FW,Mexico,31-288,Monterrey,1991,1,0,5,0.1,0,0,0,0,0,0,0,0,0,0,0,0,0.1,0.1,0,0.1,1.23,0,1.23,1.23,1.23,Forward
Romelu Lukaku,FW,Belgium,29-219,Inter,1993,2,0,55,0.6,0,0,0,0,0,0,0,0,0,0,0,0,1.7,1.7,0,1.8,2.84,0.06,2.9,2.84,2.9,Forward
Ruben Vargas,FW,Switzerland,24-135,Augsburg,1998,4,4,285,3.2,0,1,0,0,0,1,0,0,0.32,0.32,0,0.32,0.3,0.3,0.6,0.9,0.11,0.19,0.3,0.11,0.3,Forward
Saleh Al-Shehri,FW,Saudi Arabia,29-047,Al-Hilal,1993,3,3,223,2.5,1,0,1,0,0,1,0,0.4,0,0.4,0.4,0.4,0.1,0.1,0.1,0.2,0.03,0.05,0.09,0.03,0.09,Forward
Sardar Azmoun,FW,IR Iran,27-351,Leverkusen,1995,3,2,126,1.4,0,0,0,0,0,0,0,0,0,0,0,0,0.9,0.9,0.1,1,0.67,0.05,0.71,0.67,0.71,Forward
Serge Gnabry,FW,Germany,27-157,Bayern Munich,1995,3,3,263,2.9,1,1,1,0,0,0,0,0.34,0.34,0.68,0.34,0.68,1.1,1.1,1.5,2.6,0.37,0.51,0.88,0.37,0.88,Forward
Sofiane Boufal,FW,Morocco,29-092,Angers,1993,7,7,475,5.3,0,0,0,0,0,1,0,0,0,0,0,0,0.3,0.3,0.3,0.6,0.05,0.06,0.11,0.05,0.11,Forward
Son Heung-min,FW,Korea Republic,30-163,Tottenham,1992,4,4,360,4,0,1,0,0,0,0,0,0,0.25,0.25,0,0.25,0.4,0.4,1,1.4,0.11,0.24,0.35,0.11,0.35,Forward
Steven Bergwijn,FW,Netherlands,25-071,Ajax,1997,4,3,213,2.4,0,0,0,0,0,1,0,0,0,0,0,0,0.5,0.5,0,0.5,0.21,0,0.21,0.21,0.21,Forward
Taha Yassine Khenissi,FW,Tunisia,30-346,Kuwait SC,1992,2,0,29,0.3,0,0,0,0,0,1,0,0,0,0,0,0,0,0,0.1,0.2,0.06,0.45,0.51,0.06,0.51,Forward
Takefusa Kubo,FW,Japan,21-197,Real Sociedad,2001,2,2,90,1,0,0,0,0,0,0,0,0,0,0,0,0,0,0,0,0,0,0,0,0,0,Forward
Takuma Asano,FW,Japan,28-038,Bochum,1994,4,0,165,1.8,1,0,1,0,0,0,0,0.55,0,0.55,0.55,0.55,0.7,0.7,0.2,0.9,0.44,0.17,0.6,0.44,0.6,Forward
Takumi Minamino,FW,Japan,27-336,Monaco,1995,3,0,60,0.7,0,0,0,0,0,0,0,0,0,0,0,0,0.1,0.1,0,0.1,0.36,0,0.36,0.36,0.36,Forward
Thomas Muller,FW,Germany,33-096,Bayern Munich,1989,3,3,201,2.2,0,0,0,0,0,0,0,0,0,0,0,0,0.3,0.3,0.6,0.9,0.14,0.28,0.42,0.14,0.42,Forward
Thorgan Hazard,FW,Belgium,29-264,Dortmund,1993,2,1,106,1.2,0,0,0,0,0,0,0,0,0,0,0,0,0,0,1.3,1.3,0,1.07,1.07,0,1.07,Forward
Timothy Weah,FW,United States,22-299,Lille,2000,4,4,316,3.5,1,0,1,0,0,0,0,0.28,0,0.28,0.28,0.28,0.6,0.6,0.4,1.1,0.18,0.12,0.31,0.18,0.31,Forward
Uriel Antuna,FW,Mexico,25-119,Cruz Azul,1997,3,0,77,0.9,0,0,0,0,0,0,0,0,0,0,0,0,0.2,0.2,0,0.2,0.18,0.02,0.2,0.18,0.2,Forward
Vincent Aboubakar,FW,Cameroon,30-330,Al-Nassr,1992,3,1,142,1.6,2,1,2,0,0,2,1,1.27,0.63,1.9,1.27,1.9,0.6,0.6,0.6,1.2,0.37,0.39,0.76,0.37,0.76,Forward
Vincent Janssen,FW,Netherlands,28-186,Antwerp,1994,2,1,86,1,0,0,0,0,0,0,0,0,0,0,0,0,0.1,0.1,0,0.1,0.09,0.04,0.13,0.09,0.13,Forward
Vinicius Junior,FW,Brazil,22-159,Real Madrid,2000,4,4,299,3.3,1,2,1,0,0,0,0,0.3,0.6,0.9,0.3,0.9,1,1,0.7,1.7,0.3,0.2,0.5,0.3,0.5,Forward
Wahbi Khazri,FW,Tunisia,31-313,Montpellier,1991,2,1,83,0.9,1,0,1,0,0,0,0,1.08,0,1.08,1.08,1.08,0.4,0.4,0,0.4,0.47,0,0.47,0.47,0.47,Forward
Walid Cheddira,FW,Morocco,24-330,Bari,1998,2,0,64,0.7,0,0,0,0,0,2,1,0,0,0,0,0,0.5,0.5,0,0.5,1.24,0,1.24,1.24,1.24,Forward
Wout Weghorst,FW,Netherlands,30-133,BeÃ…ÂŸiktaÃ…ÂŸ,1992,4,0,64,0.7,2,0,2,0,0,1,0,2.81,0,2.81,2.81,2.81,0.2,0.2,0,0.2,0.52,0.08,0.6,0.52,0.6,Forward
Xavi Simons,FW,Netherlands,19-241,PSV Eindhoven,2003,1,0,9,0.1,0,0,0,0,0,0,0,0,0,0,0,0,0,0,0,0,0,0,0,0,0,Forward
Xherdan Shaqiri,FW,Switzerland,31-069,Chicago Fire,1991,3,3,229,2.5,1,1,1,0,0,0,0,0.39,0.39,0.79,0.39,0.79,0.3,0.3,0.9,1.2,0.12,0.35,0.47,0.12,0.47,Forward
Yannick Carrasco,FW,Belgium,29-105,AtlÃƒÂ©tico Madrid,1993,2,2,116,1.3,0,0,0,0,0,1,0,0,0,0,0,0,0.3,0.3,0,0.3,0.22,0,0.22,0.22,0.22,Forward
Youssef En-Nesyri,FW,Morocco,25-200,Sevilla,1997,7,7,542,6,2,0,2,0,0,0,0,0.33,0,0.33,0.33,0.33,1.2,1.2,0,1.3,0.21,0.01,0.21,0.21,0.21,Forward
Youssoufa Moukoko,FW,Germany,18-028,Dortmund,2004,1,0,1,0,0,0,0,0,0,0,0,0,0,0,0,0,0,0,0,0,0,0,0,0,0,Forward
Yuki Soma,FW,Japan,25-296,Grampus,1997,1,1,81,0.9,0,0,0,0,0,0,0,0,0,0,0,0,0.2,0.2,0,0.2,0.21,0,0.21,0.21,0.21,Forward
Zakaria Aboukhlal,FW,Morocco,22-303,Toulouse,2000,4,0,79,0.9,1,0,1,0,0,0,0,1.14,0,1.14,1.14,1.14,1,1,0,1,1.16,0,1.16,1.16,1.16,Forward
Ãlvaro Morata,FW,Spain,30-056,AtlÃƒÂ©tico Madrid,1992,4,1,185,2.1,3,1,3,0,0,0,0,1.46,0.49,1.95,1.46,1.95,1.4,1.4,0.2,1.6,0.79,0.14,0.93,0.79,0.93,Forward
